{"comment":"","charmap":{"a":[["â",1.0,0],["á",1.0,0],["ä",1.0,0],["ā",1.0,0],["ã",1.0,0],["à",1.0,0]],"c":[["ç",1.0],["ć",1.0,0],["č",1.0,0]],"e":[["é",1.0,0],["ə",1.0,0],["è",1.0,0],["ê",1.0,0],["ë",1.0,0]],"g":[["ğ",1.0]],"i":[["ı",1.0],["î",1.0,0],["í",1.0,0],["ï",1.0,0],["ī",1.0,0]],"ı":[["i",1.0],["î",1.0,0],["í",1.0,0],["ï",1.0,0],["ī",1.0,0]],"l":[["ł",1.0,0]],"n":[["ñ",1.0,0]],"o":[["ö",1.0],["ó",1.0,0],["ō",1.0,0]],"s":[["ş",1.0],["š",1.0,0],["ß",1.0,0]],"u":[["ü",1.0],["û",1.0,0],["ú",1.0,0],["ū",1.0,0],["ù",1.0,0]],"C":[["Ç",1.0]],"G":[["Ğ",1.0]],"I":[["İ",1.0]],"İ":[["I",1.0]],"O":[["Ö",1.0]],"S":[["Ş",1.0]],"U":[["Ü",1.0]]},"name":"Turkish","variant":["tr","TR"],"version":[0,3],"local_name":"Türkçe"}
