{
	"name":"Chinese (Traditional - Taiwan)",
	"local_name":"繁体中文(台湾)",
	"variant":["zh","TW"],
	"version":[0,3],
	"charmap":{
        "ㄈ": [["ㄈㄛ",0.1,0], ["ㄈㄥ",0.1,0], ["ㄈㄢ",0.1,0], ["ㄈㄡ",0.1,0], ["ㄈㄣ",0.1,0], ["ㄈㄤ",0.1,0], ["ㄈㄧㄠ",0.1,0], ["ㄈㄨ",0.1,0], ["ㄈㄚ",0.1,0], ["ㄈㄟ",0.1,0]],
        "ㄩ": [["ㄩㄝ",0.1,0], ["ㄩㄥ",0.1,0], ["ㄩㄢ",0.1,0], ["ㄩㄣ",0.1,0]],
        "ㄗ": [["ㄗㄠ",0.1,0], ["ㄗㄜ",0.1,0], ["ㄗㄨㄣ",0.1,0], ["ㄗㄡ",0.1,0], ["ㄗㄨㄛ",0.1,0], ["ㄗㄚ",0.1,0], ["ㄗㄨㄥ",0.1,0], ["ㄗㄨㄢ",0.1,0], ["ㄗㄟ",0.1,0], ["ㄗㄣ",0.1,0], ["ㄗㄞ",0.1,0], ["ㄗㄨ",0.1,0], ["ㄗㄢ",0.1,0], ["ㄗㄤ",0.1,0], ["ㄗㄥ",0.1,0], ["ㄗㄨㄟ",0.1,0]],
        "ㄏ": [["ㄏㄨㄢ",0.1,0], ["ㄏㄨㄣ",0.1,0], ["ㄏㄢ",0.1,0], ["ㄏㄚ",0.1,0], ["ㄏㄨㄚ",0.1,0], ["ㄏㄤ",0.1,0], ["ㄏㄨㄛ",0.1,0], ["ㄏㄞ",0.1,0], ["ㄏㄣ",0.1,0], ["ㄏㄨㄥ",0.1,0], ["ㄏㄡ",0.1,0], ["ㄏㄜ",0.1,0], ["ㄏㄨㄤ",0.1,0], ["ㄏㄟ",0.1,0], ["ㄏㄥ",0.1,0], ["ㄏㄠ",0.1,0], ["ㄏㄨㄟ",0.1,0], ["ㄏㄨ",0.1,0], ["ㄏㄨㄞ",0.1,0]],
        "ㄕ": [["ㄕㄢ",0.1,0], ["ㄕㄡ",0.1,0], ["ㄕㄨㄢ",0.1,0], ["ㄕㄚ",0.1,0], ["ㄕㄜ",0.1,0], ["ㄕㄞ",0.1,0], ["ㄕㄨㄚ",0.1,0], ["ㄕㄠ",0.1,0], ["ㄕㄨ",0.1,0], ["ㄕㄥ",0.1,0], ["ㄕㄨㄤ",0.1,0], ["ㄕㄨㄞ",0.1,0], ["ㄕㄨㄣ",0.1,0], ["ㄕㄟ",0.1,0], ["ㄕㄨㄛ",0.1,0], ["ㄕㄨㄟ",0.1,0], ["ㄕㄣ",0.1,0], ["ㄕㄤ",0.1,0]],
        "ㄋ": [["ㄋㄥ",0.1,0], ["ㄋㄢ",0.1,0], ["ㄋㄡ",0.1,0], ["ㄋㄠ",0.1,0], ["ㄋㄨ",0.1,0], ["ㄋㄧㄥ",0.1,0], ["ㄋㄣ",0.1,0], ["ㄋㄜ",0.1,0], ["ㄋㄩ",0.1,0], ["ㄋㄩㄝ",0.1,0], ["ㄋㄞ",0.1,0], ["ㄋㄧㄝ",0.1,0], ["ㄋㄨㄢ",0.1,0], ["ㄋㄧㄠ",0.1,0], ["ㄋㄧㄤ",0.1,0], ["ㄋㄧㄡ",0.1,0], ["ㄋㄧㄢ",0.1,0], ["ㄋㄧㄣ",0.1,0], ["ㄋㄧ",0.1,0], ["ㄋㄟ",0.1,0], ["ㄋㄤ",0.1,0], ["ㄋㄨㄛ",0.1,0], ["ㄋㄚ",0.1,0], ["ㄋㄨㄥ",0.1,0]],
        "ㄇ": [["ㄇㄧㄠ",0.1,0], ["ㄇㄧㄝ",0.1,0], ["ㄇㄥ",0.1,0], ["ㄇㄧㄡ",0.1,0], ["ㄇㄧㄢ",0.1,0], ["ㄇㄠ",0.1,0], ["ㄇㄤ",0.1,0], ["ㄇㄟ",0.1,0], ["ㄇㄧㄥ",0.1,0], ["ㄇㄢ",0.1,0], ["ㄇㄧ",0.1,0], ["ㄇㄞ",0.1,0], ["ㄇㄜ",0.1,0], ["ㄇㄣ",0.1,0], ["ㄇㄡ",0.1,0], ["ㄇㄛ",0.1,0], ["ㄇㄧㄣ",0.1,0], ["ㄇㄨ",0.1,0], ["ㄇㄚ",0.1,0]],
        "ㄙ": [["ㄙㄨㄛ",0.1,0], ["ㄙㄨㄟ",0.1,0], ["ㄙㄨㄥ",0.1,0], ["ㄙㄢ",0.1,0], ["ㄙㄠ",0.1,0], ["ㄙㄤ",0.1,0], ["ㄙㄨ",0.1,0], ["ㄙㄣ",0.1,0], ["ㄙㄥ",0.1,0], ["ㄙㄚ",0.1,0], ["ㄙㄞ",0.1,0], ["ㄙㄨㄢ",0.1,0], ["ㄙㄡ",0.1,0], ["ㄙㄨㄣ",0.1,0], ["ㄙㄜ",0.1,0]],
        "ㄧ": [["ㄧㄡ",0.1,0], ["ㄧㄤ",0.1,0], ["ㄧㄠ",0.1,0], ["ㄧㄝ",0.1,0], ["ㄧㄞ",0.1,0], ["ㄧㄢ",0.1,0], ["ㄧㄚ",0.1,0], ["ㄧㄥ",0.1,0], ["ㄧㄣ",0.1,0], ["ㄧㄛ",0.1,0]],
        "ㄉ": [["ㄉㄥ",0.1,0], ["ㄉㄜ",0.1,0], ["ㄉㄧㄠ",0.1,0], ["ㄉㄞ",0.1,0], ["ㄉㄨㄢ",0.1,0], ["ㄉㄨㄛ",0.1,0], ["ㄉㄧㄡ",0.1,0], ["ㄉㄧㄢ",0.1,0], ["ㄉㄧㄥ",0.1,0], ["ㄉㄧㄝ",0.1,0], ["ㄉㄨㄟ",0.1,0], ["ㄉㄟ",0.1,0], ["ㄉㄡ",0.1,0], ["ㄉㄚ",0.1,0], ["ㄉㄢ",0.1,0], ["ㄉㄨㄥ",0.1,0], ["ㄉㄠ",0.1,0], ["ㄉㄨ",0.1,0], ["ㄉㄨㄣ",0.1,0], ["ㄉㄧ",0.1,0], ["ㄉㄤ",0.1,0]],
        "ㄖ": [["ㄖㄨㄟ",0.1,0], ["ㄖㄣ",0.1,0], ["ㄖㄢ",0.1,0], ["ㄖㄨ",0.1,0], ["ㄖㄤ",0.1,0], ["ㄖㄨㄥ",0.1,0], ["ㄖㄜ",0.1,0], ["ㄖㄠ",0.1,0], ["ㄖㄨㄢ",0.1,0], ["ㄖㄨㄛ",0.1,0], ["ㄖㄡ",0.1,0], ["ㄖㄨㄣ",0.1,0], ["ㄖㄥ",0.1,0]],
        "ㄔ": [["ㄔㄚ",0.1,0], ["ㄔㄡ",0.1,0], ["ㄔㄨㄢ",0.1,0], ["ㄔㄨㄟ",0.1,0], ["ㄔㄨㄣ",0.1,0], ["ㄔㄥ",0.1,0], ["ㄔㄣ",0.1,0], ["ㄔㄞ",0.1,0], ["ㄔㄤ",0.1,0], ["ㄔㄨㄤ",0.1,0], ["ㄔㄠ",0.1,0], ["ㄔㄨㄛ",0.1,0], ["ㄔㄨㄚ",0.1,0], ["ㄔㄨ",0.1,0], ["ㄔㄨㄞ",0.1,0], ["ㄔㄨㄥ",0.1,0], ["ㄔㄢ",0.1,0], ["ㄔㄜ",0.1,0]],
        "ㄨ": [["ㄨㄤ",0.1,0], ["ㄨㄛ",0.1,0], ["ㄨㄢ",0.1,0], ["ㄨㄟ",0.1,0], ["ㄨㄣ",0.1,0], ["ㄨㄞ",0.1,0], ["ㄨㄚ",0.1,0], ["ㄨㄥ",0.1,0]],
        "ㄊ": [["ㄊㄠ",0.1,0], ["ㄊㄨㄣ",0.1,0], ["ㄊㄞ",0.1,0], ["ㄊㄚ",0.1,0], ["ㄊㄜ",0.1,0], ["ㄊㄡ",0.1,0], ["ㄊㄧ",0.1,0], ["ㄊㄥ",0.1,0], ["ㄊㄢ",0.1,0], ["ㄊㄧㄢ",0.1,0], ["ㄊㄨ",0.1,0], ["ㄊㄧㄥ",0.1,0], ["ㄊㄧㄠ",0.1,0], ["ㄊㄨㄟ",0.1,0], ["ㄊㄧㄝ",0.1,0], ["ㄊㄨㄛ",0.1,0], ["ㄊㄤ",0.1,0], ["ㄊㄨㄢ",0.1,0], ["ㄊㄨㄥ",0.1,0]],
        "ㄆ": [["ㄆㄧㄠ",0.1,0], ["ㄆㄟ",0.1,0], ["ㄆㄛ",0.1,0], ["ㄆㄨ",0.1,0], ["ㄆㄣ",0.1,0], ["ㄆㄧㄥ",0.1,0], ["ㄆㄧ",0.1,0], ["ㄆㄧㄝ",0.1,0], ["ㄆㄢ",0.1,0], ["ㄆㄧㄣ",0.1,0], ["ㄆㄥ",0.1,0], ["ㄆㄤ",0.1,0], ["ㄆㄠ",0.1,0], ["ㄆㄡ",0.1,0], ["ㄆㄞ",0.1,0], ["ㄆㄧㄢ",0.1,0], ["ㄆㄚ",0.1,0]],
        "ㄒ": [["ㄒㄩㄝ",0.1,0], ["ㄒㄧㄣ",0.1,0], ["ㄒㄩㄥ",0.1,0], ["ㄒㄩ",0.1,0], ["ㄒㄧㄠ",0.1,0], ["ㄒㄩㄣ",0.1,0], ["ㄒㄩㄢ",0.1,0], ["ㄒㄧㄚ",0.1,0], ["ㄒㄧㄤ",0.1,0], ["ㄒㄧㄥ",0.1,0], ["ㄒㄧ",0.1,0], ["ㄒㄧㄢ",0.1,0], ["ㄒㄧㄡ",0.1,0], ["ㄒㄧㄝ",0.1,0]],
        "ㄅ": [["ㄅㄧㄣ",0.1,0], ["ㄅㄧㄝ",0.1,0], ["ㄅㄣ",0.1,0], ["ㄅㄨ",0.1,0], ["ㄅㄥ",0.1,0], ["ㄅㄞ",0.1,0], ["ㄅㄟ",0.1,0], ["ㄅㄢ",0.1,0], ["ㄅㄧㄢ",0.1,0], ["ㄅㄧㄠ",0.1,0], ["ㄅㄚ",0.1,0], ["ㄅㄠ",0.1,0], ["ㄅㄛ",0.1,0], ["ㄅㄧ",0.1,0], ["ㄅㄧㄥ",0.1,0], ["ㄅㄤ",0.1,0]],
        "ㄓ": [["ㄓㄤ",0.1,0], ["ㄓㄥ",0.1,0], ["ㄓㄨㄛ",0.1,0], ["ㄓㄨㄥ",0.1,0], ["ㄓㄨㄚ",0.1,0], ["ㄓㄚ",0.1,0], ["ㄓㄨㄢ",0.1,0], ["ㄓㄞ",0.1,0], ["ㄓㄣ",0.1,0], ["ㄓㄨㄞ",0.1,0], ["ㄓㄠ",0.1,0], ["ㄓㄨ",0.1,0], ["ㄓㄜ",0.1,0], ["ㄓㄨㄟ",0.1,0], ["ㄓㄢ",0.1,0], ["ㄓㄨㄤ",0.1,0], ["ㄓㄨㄣ",0.1,0], ["ㄓㄡ",0.1,0]],
        "ㄘ": [["ㄘㄨ",0.1,0], ["ㄘㄨㄟ",0.1,0], ["ㄘㄣ",0.1,0], ["ㄘㄚ",0.1,0], ["ㄘㄞ",0.1,0], ["ㄘㄠ",0.1,0], ["ㄘㄡ",0.1,0], ["ㄘㄜ",0.1,0], ["ㄘㄨㄥ",0.1,0], ["ㄘㄨㄛ",0.1,0], ["ㄘㄨㄣ",0.1,0], ["ㄘㄤ",0.1,0], ["ㄘㄥ",0.1,0], ["ㄘㄢ",0.1,0], ["ㄘㄨㄢ",0.1,0]],
        "ㄌ": [["ㄌㄨㄥ",0.1,0], ["ㄌㄩㄢ",0.1,0], ["ㄌㄧㄢ",0.1,0], ["ㄌㄨㄢ",0.1,0], ["ㄌㄤ",0.1,0], ["ㄌㄧㄤ",0.1,0], ["ㄌㄧㄡ",0.1,0], ["ㄌㄞ",0.1,0], ["ㄌㄟ",0.1,0], ["ㄌㄧ",0.1,0], ["ㄌㄩㄝ",0.1,0], ["ㄌㄛ",0.1,0], ["ㄌㄨㄛ",0.1,0], ["ㄌㄧㄚ",0.1,0], ["ㄌㄨ",0.1,0], ["ㄌㄧㄝ",0.1,0], ["ㄌㄥ",0.1,0], ["ㄌㄧㄣ",0.1,0], ["ㄌㄠ",0.1,0], ["ㄌㄚ",0.1,0], ["ㄌㄨㄣ",0.1,0], ["ㄌㄧㄠ",0.1,0], ["ㄌㄢ",0.1,0], ["ㄌㄡ",0.1,0], ["ㄌㄜ",0.1,0], ["ㄌㄩ",0.1,0], ["ㄌㄧㄥ",0.1,0]],
        "ㄐ": [["ㄐㄧㄡ",0.1,0], ["ㄐㄩ",0.1,0], ["ㄐㄩㄢ",0.1,0], ["ㄐㄧ",0.1,0], ["ㄐㄧㄣ",0.1,0], ["ㄐㄧㄝ",0.1,0], ["ㄐㄧㄢ",0.1,0], ["ㄐㄧㄥ",0.1,0], ["ㄐㄩㄣ",0.1,0], ["ㄐㄧㄠ",0.1,0], ["ㄐㄩㄥ",0.1,0], ["ㄐㄩㄝ",0.1,0], ["ㄐㄧㄚ",0.1,0], ["ㄐㄧㄤ",0.1,0]],
        "ㄍ": [["ㄍㄨㄤ",0.1,0], ["ㄍㄨㄛ",0.1,0], ["ㄍㄣ",0.1,0], ["ㄍㄡ",0.1,0], ["ㄍㄥ",0.1,0], ["ㄍㄤ",0.1,0], ["ㄍㄨㄚ",0.1,0], ["ㄍㄨ",0.1,0], ["ㄍㄨㄣ",0.1,0], ["ㄍㄢ",0.1,0], ["ㄍㄨㄢ",0.1,0], ["ㄍㄠ",0.1,0], ["ㄍㄨㄟ",0.1,0], ["ㄍㄞ",0.1,0], ["ㄍㄨㄥ",0.1,0], ["ㄍㄟ",0.1,0], ["ㄍㄜ",0.1,0], ["ㄍㄚ",0.1,0], ["ㄍㄨㄞ",0.1,0]],
        "ㄑ": [["ㄑㄩ",0.1,0], ["ㄑㄩㄝ",0.1,0], ["ㄑㄧㄣ",0.1,0], ["ㄑㄩㄥ",0.1,0], ["ㄑㄧ",0.1,0], ["ㄑㄩㄣ",0.1,0], ["ㄑㄩㄢ",0.1,0], ["ㄑㄧㄢ",0.1,0], ["ㄑㄧㄥ",0.1,0], ["ㄑㄧㄤ",0.1,0], ["ㄑㄧㄚ",0.1,0], ["ㄑㄧㄠ",0.1,0], ["ㄑㄧㄝ",0.1,0], ["ㄑㄧㄡ",0.1,0]],
        "ㄎ": [["ㄎㄨㄞ",0.1,0], ["ㄎㄣ",0.1,0], ["ㄎㄨㄥ",0.1,0], ["ㄎㄨㄢ",0.1,0], ["ㄎㄞ",0.1,0], ["ㄎㄨ",0.1,0], ["ㄎㄥ",0.1,0], ["ㄎㄠ",0.1,0], ["ㄎㄨㄚ",0.1,0], ["ㄎㄜ",0.1,0], ["ㄎㄢ",0.1,0], ["ㄎㄤ",0.1,0], ["ㄎㄡ",0.1,0], ["ㄎㄨㄣ",0.1,0], ["ㄎㄨㄟ",0.1,0], ["ㄎㄨㄤ",0.1,0], ["ㄎㄨㄛ",0.1,0], ["ㄎㄚ",0.1,0]]
    }
}
