{
    "charmap":{
        "あ":[["ぁ",0.01]],
        "い":[["ぃ",0.01]],
        "う":[["ぅ",0.01],["ゔ",0.01]],
        "え":[["ぇ",0.01]],
        "お":[["ぉ",0.01]],
        "か":[["が",0.01]],
        "き":[["ぎ",0.01]],
        "く":[["ぐ",0.01]],
        "け":[["げ",0.01]],
        "こ":[["ご",0.01]],
        "さ":[["ざ",0.01]],
        "し":[["じ",0.01]],
        "す":[["ず",0.01]],
        "せ":[["ぜ",0.01]],
        "そ":[["ぞ",0.01]],
        "た":[["だ",0.01]],
        "ち":[["ぢ",0.01]],
        "つ":[["づ",0.01],["っ",0.01]],
        "て":[["で",0.01]],
        "と":[["ど",0.01]],
        "は":[["ば",0.01],["ぱ",0.01]],
        "ひ":[["び",0.01],["ぴ",0.01]],
        "ふ":[["ぶ",0.01],["ぷ",0.01]],
        "へ":[["べ",0.01],["ぺ",0.01]],
        "ほ":[["ぼ",0.01],["ぽ",0.01]],
        "や":[["ゃ",0.01]],
        "ゆ":[["ゅ",0.01]],
        "よ":[["ょ",0.01]],
        "わ":[["ゎ",0.01]],
        "ぢ":[["じ",0.001]],
        "じ":[["ぢ",0.001]],
        "づ":[["ず",0.001]],
        "ず":[["づ",0.001]]
    },
    "name":"Japanese","variant":["ja","JP"],"version":[0,3],"local_name":"日本語"
}
