{
    "version": 2,
    "lang": "ne_NP",
    "sections": [
        {
            "charRules": [
                {
                    "CharRule": {
                        "id": [
                            "।"
                        ],
                        "actions": [
                            "BACKSPACE",
                            "INS_PREDICTION",
                            "INS_FOCUS",
                            "INS_SPACE"
                        ],
                        "contextRules": [
                            {
                                "CatRule": {
                                    "id": [
                                        "P*"
                                    ],
                                    "actions": [
                                        "BACKSPACE",
                                        "INS_FOCUS",
                                        "INS_SPACE"
                                    ]
                                }
                            },
                            {
                                "ContextRule": {
                                    "id": [
                                        " $"
                                    ],
                                    "actions": [
                                        "BACKSPACE",
                                        "INS_FOCUS",
                                        "INS_SPACE"
                                    ]
                                }
                            }
                        ]
                    }
                }
            ]
        }
    ],
    "dependency" : "default",
    "sentenceSeparators" : ["।"]
}
